﻿[
  {
    "title": "The Sunken Gate",
    "tagline": "A drowned city. A door that remembers.",
    "cover": "https://via.placeholder.com/600x800?text=The+Sunken+Gate",
    "buy": "https://www.amazon.com/dp/XXXXXXXX"
  },
  {
    "title": "The Host’s Last Word",
    "tagline": "A voice that won’t die—and a secret that won’t stay buried.",
    "cover": "https://via.placeholder.com/600x800?text=The+Host%27s+Last+Word",
    "buy": "https://www.amazon.com/dp/YYYYYYYY"
  },
  {
    "title": "The Heart of the Black Sun",
    "tagline": "Love, betrayal, and a star gone dark.",
    "cover": "https://via.placeholder.com/600x800?text=The+Heart+of+the+Black+Sun",
    "buy": "https://www.amazon.com/dp/ZZZZZZZZ"
  }
]
